{
  "version": 1,
  "author": "Uri Shaked",
  "editor": "wokwi",
  "parts": [
    { "type": "wokwi-arduino-uno", "id": "uno", "top": 227.79, "left": -134.14, "attrs": {} },
    {
      "type": "wokwi-74hc595",
      "id": "sr1",
      "top": -81,
      "left": -224.79,
      "rotate": 90,
      "attrs": {}
    },
    {
      "type": "wokwi-slide-switch",
      "id": "sw1",
      "top": -62.63,
      "left": 254.23,
      "rotate": 90,
      "attrs": { "bounce": "0" }
    },
    { "type": "wokwi-relay-module", "id": "tiny1", "top": -107.43, "left": -105.56, "attrs": {} },
    { "type": "wokwi-relay-module", "id": "tiny2", "top": -40.28, "left": -103.9, "attrs": {} },
    { "type": "wokwi-relay-module", "id": "tiny3", "top": 25.62, "left": -99.66, "attrs": {} },
    { "type": "wokwi-gnd", "id": "gnd1", "top": 481.33, "left": 104.35, "attrs": {} },
    { "type": "wokwi-vcc", "id": "vcc2", "top": 491.39, "left": 39.68, "attrs": {} },
    { "type": "wokwi-vcc", "id": "vcc1", "top": -131.55, "left": 131.3, "attrs": {} },
    { "type": "wokwi-vcc", "id": "vcc3", "top": -148.68, "left": -152.33, "attrs": {} },
    { "type": "wokwi-gnd", "id": "gnd2", "top": -4.74, "left": -221.34, "attrs": {} },
    { "type": "wokwi-gnd", "id": "gnd3", "top": -10.28, "left": -160.84, "attrs": {} },
    {
      "type": "wokwi-resistor",
      "id": "r1",
      "top": -43.54,
      "left": 153.21,
      "rotate": 90,
      "attrs": { "value": "1000" }
    },
    {
      "type": "wokwi-resistor",
      "id": "r2",
      "top": 23.19,
      "left": 208.35,
      "rotate": 90,
      "attrs": { "value": "1000" }
    },
    {
      "type": "wokwi-resistor",
      "id": "r3",
      "top": 115.42,
      "left": 262.46,
      "rotate": 90,
      "attrs": { "value": "1000" }
    },
    { "type": "wokwi-gnd", "id": "gnd5", "top": 166.91, "left": 225.53, "attrs": {} },
    {
      "type": "wokwi-led",
      "id": "led1",
      "top": -121.31,
      "left": 345.16,
      "rotate": 180,
      "attrs": { "color": "red" }
    },
    {
      "type": "wokwi-led",
      "id": "led2",
      "top": -6.76,
      "left": 351.79,
      "rotate": 180,
      "attrs": { "color": "red" }
    },
    {
      "type": "wokwi-led",
      "id": "led3",
      "top": 63.16,
      "left": 390.07,
      "rotate": 180,
      "attrs": { "color": "red" }
    },
    { "type": "wokwi-gnd", "id": "gnd4", "top": 0.15, "left": 822.56, "rotate": 270, "attrs": {} },
    { "type": "wokwi-74hc165", "id": "sr2", "top": 279.87, "left": 226.09, "attrs": {} },
    { "type": "wokwi-gnd", "id": "gnd6", "top": 334.64, "left": 289.99, "attrs": {} },
    { "type": "wokwi-vcc", "id": "vcc4", "top": 231.66, "left": 185.99, "attrs": {} },
    {
      "type": "wokwi-slide-switch",
      "id": "sw2",
      "top": 239.94,
      "left": -211.14,
      "rotate": 270,
      "attrs": {}
    },
    { "type": "wokwi-vcc", "id": "vcc5", "top": 157.79, "left": -232.29, "attrs": {} },
    {
      "type": "wokwi-led",
      "id": "led4",
      "top": 322.77,
      "left": -237.02,
      "rotate": 180,
      "attrs": { "color": "red" }
    },
    { "type": "wokwi-gnd", "id": "gnd7", "top": 361.08, "left": -293.59, "attrs": {} },
    {
      "type": "wokwi-text",
      "id": "led5",
      "top": -51.77,
      "left": 303.72,
      "attrs": { "text": "Simulate short between input 1 and 2" }
    },
    {
      "type": "wokwi-text",
      "id": "led6",
      "top": 246.94,
      "left": -299.43,
      "attrs": { "text": "Start test" }
    },
    {
      "type": "wokwi-slide-switch",
      "id": "sw3",
      "top": 15.4,
      "left": 305.08,
      "rotate": 90,
      "attrs": { "bounce": "0" }
    },
    {
      "type": "wokwi-text",
      "id": "led7",
      "top": 36.57,
      "left": 364.88,
      "attrs": { "text": "Simulate short between input 2 and 3" }
    },
    {
      "type": "wokwi-slide-switch",
      "id": "sw4",
      "top": -75.09,
      "left": 683.92,
      "rotate": 90,
      "attrs": { "bounce": "0" }
    },
    {
      "type": "wokwi-text",
      "id": "led8",
      "top": -61.22,
      "left": 743.44,
      "attrs": { "text": "Simulate short between input 1 and 3" }
    }
  ],
  "connections": [
    [ "uno:GND.3", "gnd1:GND", "black", [ "v0" ] ],
    [ "uno:5V", "vcc2:VCC", "red", [ "v0" ] ],
    [ "vcc1:VCC", "tiny1:COM", "red", [ "v0" ] ],
    [ "tiny2:COM", "vcc1:VCC", "red", [ "h0" ] ],
    [ "tiny3:COM", "vcc1:VCC", "red", [ "h0" ] ],
    [ "gnd2:GND", "sr1:GND", "black", [ "v0" ] ],
    [ "vcc3:VCC", "sr1:VCC", "red", [ "v0" ] ],
    [ "gnd3:GND", "sr1:OE", "black", [ "v0" ] ],
    [ "sr1:Q0", "tiny1:IN", "green", [ "h44.37", "v17.57" ] ],
    [ "sr1:Q2", "tiny3:IN", "green", [ "h-40.72", "v136.77" ] ],
    [ "sr1:SHCP", "uno:3", "gray", [ "h44.59", "v215.96", "h336.89" ] ],
    [ "tiny2:IN", "sr1:Q1", "green", [ "h-113.05", "v-100.49" ] ],
    [ "uno:4", "sr1:STCP", "purple", [ "v-53.23", "h-244.93", "v-243.5" ] ],
    [ "sr1:DS", "uno:2", "blue", [ "h32.87", "v16.04", "h24.8", "v216.32", "h345.84" ] ],
    [ "tiny1:NO", "r1:1", "green", [ "h0" ] ],
    [ "tiny2:NO", "r2:1", "green", [ "h0" ] ],
    [ "tiny3:NO", "r3:1", "green", [ "h275.51", "v25.8" ] ],
    [ "r2:2", "gnd5:GND", "black", [ "h1.07", "v106.39" ] ],
    [ "gnd5:GND", "r3:2", "black", [ "v-0.14", "h57.33" ] ],
    [ "gnd5:GND", "r1:2", "black", [ "v-0.14", "h-19.29" ] ],
    [ "led1:A", "r1:1", "green", [ "v-0.08", "h-87.08" ] ],
    [ "led2:A", "r2:1", "green", [ "v0" ] ],
    [ "led3:A", "r3:1", "green", [ "v-0.13", "h-61.68" ] ],
    [ "gnd4:GND", "led3:C", "black", [ "v0" ] ],
    [ "gnd4:GND", "led2:C", "black", [ "v0" ] ],
    [ "gnd4:GND", "led1:C", "black", [ "v0" ] ],
    [ "sr2:GND", "gnd6:GND", "black", [ "v0" ] ],
    [ "sr2:CE", "gnd6:GND", "black", [ "v-29.27", "h93.48", "v76.64" ] ],
    [ "vcc4:VCC", "sr2:VCC", "red", [ "v6.22", "h33.01" ] ],
    [ "r1:1", "sr2:D0", "green", [ "h29.67", "v328.55", "h70.4" ] ],
    [ "r2:1", "sr2:D1", "green", [ "h0" ] ],
    [ "r3:1", "sr2:D2", "green", [ "h0" ] ],
    [ "sr2:CP", "uno:9", "violet", [ "v28.08", "h-198.55" ] ],
    [ "sr2:PL", "uno:8", "yellow", [ "v11.14", "h-188.27" ] ],
    [ "r1:1", "sw1:2", "green", [ "h62.01", "v20.61" ] ],
    [ "sw1:3", "r2:1", "green", [ "h0" ] ],
    [ "sr2:Q7", "uno:10", "green", [ "h68.2", "v117.06", "h-204.33" ] ],
    [ "vcc5:VCC", "sw2:2", "red", [ "v42.67", "h52.37", "v26.16" ] ],
    [ "uno:13", "sw2:1", "green", [ "v0" ] ],
    [ "led4:C", "gnd7:GND", "green", [ "v0" ] ],
    [ "led4:A", "sw2:1", "green", [ "v0" ] ],
    [ "r2:1", "sw3:2", "green", [ "h44.91", "v22.59" ] ],
    [ "sw3:3", "r3:1", "green", [ "h0" ] ],
    [ "r1:1", "sw4:2", "green", [ "h473.87", "v11.96" ] ],
    [ "sw4:3", "r3:1", "green", [ "h-18.46", "v172.49" ] ]
  ],
  "dependencies": {}
}